100311,01/10/1990
Dignam,Ian
Dublin,
100882,08/02/1991
Geraghty,David
Kildare,
100824,26/09/1997
Cui,Meng
Dublin,
100772,26/09/1993
Qiaojun,Zhang
Dublin,
100838,17/07/1999
Oubelaid,Claire
Cork,
100599,12/10/1997
Murray,Marc
Dublin,
100652,14/04/1994
Connolly,Gavin
Dublin,
100577,09/10/1993
McCormac,Keith
Kildare,
100396,03/06/1990
Keating,Liam
Dublin,
100124,13/03/2004
McClelland,Eamonn
Dublin,
100981,10/10/2004
Semere,Samuel
Kerry,
100164,31/05/2002
Tansley,Karl
Galway,
100379,21/08/1990
Hu,Yitong
Dublin,
100777,30/08/1993
Leavy,Sean
Galway,
100917,07/10/1996
Casey,Jonathan
Dublin,
100584,13/06/2004
Hickey,Daire
Kildare,
100727,30/08/2002
Gu,Lianchuan
Cork,
100612,17/06/2001
Feary,Sean
Cork,
100586,16/01/1995
Comerford,Jamie
Dublin,
100123,07/07/1992
O'Toole,Kenneth
Down,
100708,14/03/1990
Byrne,Niall
Dublin,