Account,LastName,FirstName,County
100000,Hickey,Jonathan,Dublin
100014,McClelland,Haibo,Dublin
100022,Hu,Sean,Cork
100026,Semere,Liam,Kildare
100038,Geraghty,Bomao,Dublin
100039,Roberts,Bob,Leitrim
100044,Casey,Christopher,Kildare
100074,Maciejowska,Jinwu,Dublin
100082,Kierans,Gianfranco,Kildare
100083,Roche,Yuan,Kilkenny
100105,Byrne,Whaldo,Dublin
100108,Zhensheng,Keith,Down
100127,Murray,Claire,Dublin
100135,Clarke,Kelly,Sligo
100146,Riordan,Declan,Cork
100149,Hannon,Niall,Dublin
100160,Morahan,Shane,Dublin
100162,Palumbo,Brian,Dublin
100167,Tansley,Darren,Dublin
100170,Reidy,Ge,Kildare
100172,Finley,Eric,Dublin
100204,Gu,Karl,Kerry
100216,Bent,Karl,Kildare
100231,Feary,James,Dublin
100239,Gould,Michael,Down
100248,Lowe,Kenneth,Dublin
100253,Garry,Jean,Dublin
100260,McKeever,Rongchen,Kildare
100291,Connolly,Daire,Dublin
100304,Dignam,Conor,Dublin
100307,White,Ian,Kilkenny
100314,Guo,Natalia,Kerry
100322,Higgins,Jack,Dublin
100324,Farrell,David,Kerry
100333,Wei,Peter,Galway
100336,Lawless,alan,Dublin
100344,McCormac,Fuqing,Dublin
100351,Kovan,Lianchuan,Dublin
100398,Feng,Laura,Dublin
100412,O'Donohoe,Tan,Kerry
100420,Qiaojun,Samuel,Down
100424,Leavy,Gavin,Cork
100430,Horgan,Shane,Wicklow
100439,Hall,Eamonn,Dublin
100440,Comerford,Jamie,Dublin
100457,Oubelaid,Sean,Dublin
100463,Reilly,Keith,Kildare
100466,Cui,William,Leitrim
100474,Loughran,Eoin,Dublin
100481,Byrne,Zhang,Cork
100493,Zhang,Sean,Dublin
100502,O'Toole,Peter,Cork
100508,Huang,Jonathan,Cork